<?xml version="1.0" encoding="UTF-8"?>
<rss xmlns:iphoto="urn:iphoto:property" xmlns:iweb="http://www.apple.com/iweb" version="2.0">
  <channel>
    <title>Breakaway</title>
    <link>http://www.meeranair.org/Meera_Nair/FRC/Pages/2010.html</link>
    <description>Here’s the animation FIRST Released on Kickoff Day!</description>
    <item>
      <title>Happy with our alliance selection!</title>
      <link>http://www.meeranair.org/Meera_Nair/FRC/Pages/2010.html#0</link>
      <guid isPermaLink="false">ca6e0436-492f-4231-805c-bca856b2c6b0</guid>
      <enclosure url="http://www.meeranair.org/Meera_Nair/FRC/Pages/2010_files/Media/25157_1355057247106_1551713429_856161_3664580_n/25157_1355057247106_1551713429_856161_3664580_n.jpg" length="89827" type="image/jpeg"/>
      <iphoto:thumbnail>http://www.meeranair.org/Meera_Nair/FRC/Pages/2010_files/Media/25157_1355057247106_1551713429_856161_3664580_n/thumb.jpg</iphoto:thumbnail>
      <iweb:micro>http://www.meeranair.org/Meera_Nair/FRC/Pages/2010_files/Media/25157_1355057247106_1551713429_856161_3664580_n/micro.jpg</iweb:micro>
      <iweb:mip-thumbnail>http://www.meeranair.org/Meera_Nair/FRC/Pages/2010_files/Media/25157_1355057247106_1551713429_856161_3664580_n/mip.jpg</iweb:mip-thumbnail>
      <iweb:richTitle>&lt;div style=&quot;padding: 0px; &quot; class=&quot;image_cluster_layout_style_default_External_217_85&quot;&gt;&lt;div class=&quot;image_cluster_layout_style_default&quot;&gt;&lt;p style=&quot;padding-bottom: 0pt; padding-top: 0pt; &quot; class=&quot;Caption&quot;&gt;Happy with our alliance selection!&lt;/p&gt;&lt;/div&gt;&lt;/div&gt;</iweb:richTitle>
    </item>
    <item>
      <title>Hacksawing a piece of 80/20</title>
      <link>http://www.meeranair.org/Meera_Nair/FRC/Pages/2010.html#1</link>
      <guid isPermaLink="false">d4a295a0-333a-41af-bedb-2008308ccb81</guid>
      <enclosure url="http://www.meeranair.org/Meera_Nair/FRC/Pages/2010_files/Media/25157_1355053287007_6237682_n/25157_1355053287007_6237682_n.jpg" length="95408" type="image/jpeg"/>
      <iphoto:thumbnail>http://www.meeranair.org/Meera_Nair/FRC/Pages/2010_files/Media/25157_1355053287007_6237682_n/thumb.jpg</iphoto:thumbnail>
      <iweb:micro>http://www.meeranair.org/Meera_Nair/FRC/Pages/2010_files/Media/25157_1355053287007_6237682_n/micro.jpg</iweb:micro>
      <iweb:mip-thumbnail>http://www.meeranair.org/Meera_Nair/FRC/Pages/2010_files/Media/25157_1355053287007_6237682_n/mip.jpg</iweb:mip-thumbnail>
      <iweb:richTitle>&lt;div style=&quot;padding: 0px; &quot; class=&quot;image_cluster_layout_style_default_External_217_85&quot;&gt;&lt;div class=&quot;image_cluster_layout_style_default&quot;&gt;&lt;p style=&quot;padding-bottom: 0pt; padding-top: 0pt; &quot; class=&quot;Caption&quot;&gt;Hacksawing a piece of 80/20&lt;/p&gt;&lt;/div&gt;&lt;/div&gt;</iweb:richTitle>
    </item>
    <item>
      <title>Scouting at the Granite State Regional in Manchester, NH</title>
      <link>http://www.meeranair.org/Meera_Nair/FRC/Pages/2010.html#2</link>
      <guid isPermaLink="false">07f10ed6-115f-401f-bdb7-9b5955348379</guid>
      <enclosure url="http://www.meeranair.org/Meera_Nair/FRC/Pages/2010_files/Media/25157_1355055087052_1551713429_856129_5952616_n/25157_1355055087052_1551713429_856129_5952616_n.jpg" length="65333" type="image/jpeg"/>
      <iphoto:thumbnail>http://www.meeranair.org/Meera_Nair/FRC/Pages/2010_files/Media/25157_1355055087052_1551713429_856129_5952616_n/thumb.jpg</iphoto:thumbnail>
      <iweb:micro>http://www.meeranair.org/Meera_Nair/FRC/Pages/2010_files/Media/25157_1355055087052_1551713429_856129_5952616_n/micro.jpg</iweb:micro>
      <iweb:mip-thumbnail>http://www.meeranair.org/Meera_Nair/FRC/Pages/2010_files/Media/25157_1355055087052_1551713429_856129_5952616_n/mip.jpg</iweb:mip-thumbnail>
      <iweb:richTitle>&lt;div style=&quot;padding: 0px; &quot; class=&quot;image_cluster_layout_style_default_External_217_85&quot;&gt;&lt;div class=&quot;image_cluster_layout_style_default&quot;&gt;&lt;p style=&quot;padding-bottom: 0pt; padding-top: 0pt; &quot; class=&quot;Caption&quot;&gt;Scouting at the Granite State Regional in Manchester, NH&lt;/p&gt;&lt;/div&gt;&lt;/div&gt;</iweb:richTitle>
    </item>
    <item>
      <title>Working on the prototype of our drive base</title>
      <link>http://www.meeranair.org/Meera_Nair/FRC/Pages/2010.html#3</link>
      <guid isPermaLink="false">4ac78bf1-3f1a-48bc-80cf-e0e4a27a7aa7</guid>
      <enclosure url="http://www.meeranair.org/Meera_Nair/FRC/Pages/2010_files/Media/IMG_6530/IMG_6530.jpg" length="52463" type="image/jpeg"/>
      <iphoto:thumbnail>http://www.meeranair.org/Meera_Nair/FRC/Pages/2010_files/Media/IMG_6530/thumb.jpg</iphoto:thumbnail>
      <iweb:micro>http://www.meeranair.org/Meera_Nair/FRC/Pages/2010_files/Media/IMG_6530/micro.jpg</iweb:micro>
      <iweb:mip-thumbnail>http://www.meeranair.org/Meera_Nair/FRC/Pages/2010_files/Media/IMG_6530/mip.jpg</iweb:mip-thumbnail>
      <iweb:richTitle>&lt;div style=&quot;padding: 0px; &quot; class=&quot;image_cluster_layout_style_default_External_217_85&quot;&gt;&lt;div class=&quot;image_cluster_layout_style_default&quot;&gt;&lt;p style=&quot;padding-bottom: 0pt; padding-top: 0pt; &quot; class=&quot;Caption&quot;&gt;Working on the prototype of our drive base&lt;/p&gt;&lt;/div&gt;&lt;/div&gt;</iweb:richTitle>
    </item>
    <item>
      <title>Pit Greeting - I gave information about our robot when teams came to scout.</title>
      <link>http://www.meeranair.org/Meera_Nair/FRC/Pages/2010.html#4</link>
      <guid isPermaLink="false">8074ab84-26ab-4e08-8edf-c4b5ed070974</guid>
      <enclosure url="http://www.meeranair.org/Meera_Nair/FRC/Pages/2010_files/Media/DSC_3129/DSC_3129.jpg" length="70707" type="image/jpeg"/>
      <iphoto:thumbnail>http://www.meeranair.org/Meera_Nair/FRC/Pages/2010_files/Media/DSC_3129/thumb.jpg</iphoto:thumbnail>
      <iweb:micro>http://www.meeranair.org/Meera_Nair/FRC/Pages/2010_files/Media/DSC_3129/micro.jpg</iweb:micro>
      <iweb:mip-thumbnail>http://www.meeranair.org/Meera_Nair/FRC/Pages/2010_files/Media/DSC_3129/mip.jpg</iweb:mip-thumbnail>
      <iweb:richTitle>&lt;div style=&quot;padding: 0px; &quot; class=&quot;image_cluster_layout_style_default_External_217_85&quot;&gt;&lt;div class=&quot;image_cluster_layout_style_default&quot;&gt;&lt;p style=&quot;padding-bottom: 0pt; padding-top: 0pt; &quot; class=&quot;Caption&quot;&gt;Pit Greeting - I gave information about our robot when teams came to scout.&lt;/p&gt;&lt;/div&gt;&lt;/div&gt;</iweb:richTitle>
    </item>
    <item>
      <title>Scouting at an off-season at WPI in Worcester, MA</title>
      <link>http://www.meeranair.org/Meera_Nair/FRC/Pages/2010.html#5</link>
      <guid isPermaLink="false">79e3595c-5841-4f66-8a28-abe515afdedd</guid>
      <enclosure url="http://www.meeranair.org/Meera_Nair/FRC/Pages/2010_files/Media/IMG_7386/IMG_7386.jpg" length="40068" type="image/jpeg"/>
      <iphoto:thumbnail>http://www.meeranair.org/Meera_Nair/FRC/Pages/2010_files/Media/IMG_7386/thumb.jpg</iphoto:thumbnail>
      <iweb:micro>http://www.meeranair.org/Meera_Nair/FRC/Pages/2010_files/Media/IMG_7386/micro.jpg</iweb:micro>
      <iweb:mip-thumbnail>http://www.meeranair.org/Meera_Nair/FRC/Pages/2010_files/Media/IMG_7386/mip.jpg</iweb:mip-thumbnail>
      <iweb:richTitle>&lt;div style=&quot;padding: 0px; &quot; class=&quot;image_cluster_layout_style_default_External_217_85&quot;&gt;&lt;div class=&quot;image_cluster_layout_style_default&quot;&gt;&lt;p style=&quot;padding-bottom: 0pt; padding-top: 0pt; &quot; class=&quot;Caption&quot;&gt;Scouting at an off-season at WPI in Worcester, MA&lt;/p&gt;&lt;/div&gt;&lt;/div&gt;</iweb:richTitle>
    </item>
  </channel>
</rss>
