<?xml version="1.0" encoding="UTF-8"?>
<feed xmlns="http://www.w3.org/2005/Atom">
 <id>urn:iweb:248456A3-941F-4F55-B823-759DE421BA35</id>
 <title>Page list Atom feed</title>
 <updated>2012-11-27T18:05:00-05:00</updated>
 <link rel="self" href="feed.xml"/>
 <generator>iWeb</generator>
 <author>
  <name>iWeb</name>
 </author>
 <entry>
  <id>urn:iweb:1A32A363-0D32-4702-B4BC-93081F643284</id>
  <title>Home</title>
  <title xmlns="urn:iweb:">Home</title>
  <in-navbar xmlns="urn:iweb:">1A32A363-0D32-4702-B4BC-93081F643284</in-navbar>
  <link rel="alternate" href="Home.html"/>
  <updated>2012-11-27T18:05:00.001-05:00</updated>
  <content>Home</content>
 </entry>
 <entry>
  <id>urn:iweb:35E50D66-956B-4806-8412-50EAB0DDFB05</id>
  <title>Piano</title>
  <title xmlns="urn:iweb:">Piano</title>
  <in-navbar xmlns="urn:iweb:">35E50D66-956B-4806-8412-50EAB0DDFB05</in-navbar>
  <link rel="alternate" href="Piano.html"/>
  <updated>2012-11-27T18:05:00.002-05:00</updated>
  <content>Piano</content>
 </entry>
 <entry>
  <id>urn:iweb:F38D170A-A1DC-4824-90A8-AD3A1903EF5F</id>
  <title>Piano and Vocals</title>
  <title xmlns="urn:iweb:">Piano and Vocals</title>
  <in-navbar xmlns="urn:iweb:">F38D170A-A1DC-4824-90A8-AD3A1903EF5F</in-navbar>
  <link rel="alternate" href="Piano_and_Vocals.html"/>
  <updated>2012-11-27T18:05:00.003-05:00</updated>
  <content>Piano and Vocals</content>
 </entry>
 <entry>
  <id>urn:iweb:29634248-3562-47A0-9599-D75103C1FE1B</id>
  <title>Guitar</title>
  <title xmlns="urn:iweb:">Guitar</title>
  <in-navbar xmlns="urn:iweb:">29634248-3562-47A0-9599-D75103C1FE1B</in-navbar>
  <link rel="alternate" href="Guitar.html"/>
  <updated>2012-11-27T18:05:00.004-05:00</updated>
  <content>Guitar</content>
 </entry>
 <entry>
  <id>urn:iweb:C02EC8D4-F9FF-493E-8C58-0C6423E7F275</id>
  <title>Indian Classical Singing</title>
  <title xmlns="urn:iweb:">Indian Classical Singing</title>
  <in-navbar xmlns="urn:iweb:">C02EC8D4-F9FF-493E-8C58-0C6423E7F275</in-navbar>
  <link rel="alternate" href="Indian_Classical_Singing.html"/>
  <updated>2012-11-27T18:05:00.005-05:00</updated>
  <content>Indian Classical Singing</content>
 </entry>
 <entry>
  <id>urn:iweb:4DC5186A-85A2-4AC2-AD15-BDB7FA00C05B</id>
  <title>FRC</title>
  <title xmlns="urn:iweb:">FRC</title>
  <in-navbar xmlns="urn:iweb:">4DC5186A-85A2-4AC2-AD15-BDB7FA00C05B</in-navbar>
  <link rel="alternate" href="FRC/FRC.html"/>
  <updated>2012-11-27T18:05:00.006-05:00</updated>
  <content>FRC</content>
 </entry>
</feed>