<?xml version="1.0" encoding="UTF-8"?>
<rss xmlns:iphoto="urn:iphoto:property" xmlns:iweb="http://www.apple.com/iweb" version="2.0">
  <channel>
    <title>Logomotion</title>
    <link>http://www.meeranair.org/Meera_Nair/FRC/Pages/2011.html</link>
    <description>Logomotion</description>
    <item>
      <title>With Governor John Lynch at the FRC Kickoff in Manchester, NH, where the game of the year is revealed.</title>
      <link>http://www.meeranair.org/Meera_Nair/FRC/Pages/2011.html#0</link>
      <guid isPermaLink="false">ed230049-7bdc-4217-b99f-38d635c70886</guid>
      <enclosure url="http://www.meeranair.org/Meera_Nair/FRC/Pages/2011_files/Media/320625_2562390709688_484822098_n/320625_2562390709688_484822098_n.jpg" length="89118" type="image/jpeg"/>
      <iphoto:thumbnail>http://www.meeranair.org/Meera_Nair/FRC/Pages/2011_files/Media/320625_2562390709688_484822098_n/thumb.jpg</iphoto:thumbnail>
      <iweb:micro>http://www.meeranair.org/Meera_Nair/FRC/Pages/2011_files/Media/320625_2562390709688_484822098_n/micro.jpg</iweb:micro>
      <iweb:mip-thumbnail>http://www.meeranair.org/Meera_Nair/FRC/Pages/2011_files/Media/320625_2562390709688_484822098_n/mip.jpg</iweb:mip-thumbnail>
      <iweb:richTitle>&lt;div style=&quot;padding: 0px; &quot; class=&quot;image_cluster_layout_style_default_External_221_119&quot;&gt;&lt;div class=&quot;image_cluster_layout_style_default&quot;&gt;&lt;p style=&quot;padding-bottom: 0pt; padding-top: 0pt; &quot; class=&quot;Caption&quot;&gt;With Governor John Lynch at the FRC Kickoff in Manchester, NH, where the game of the year is revealed.&lt;/p&gt;&lt;/div&gt;&lt;/div&gt;</iweb:richTitle>
    </item>
    <item>
      <title>With will.i.am at the Kickoff!</title>
      <link>http://www.meeranair.org/Meera_Nair/FRC/Pages/2011.html#1</link>
      <guid isPermaLink="false">10a30b4e-d7e9-4d57-ae3e-261c02c2793c</guid>
      <enclosure url="http://www.meeranair.org/Meera_Nair/FRC/Pages/2011_files/Media/392786_2562393309753_501758736_n/392786_2562393309753_501758736_n.jpg" length="110310" type="image/jpeg"/>
      <iphoto:thumbnail>http://www.meeranair.org/Meera_Nair/FRC/Pages/2011_files/Media/392786_2562393309753_501758736_n/thumb.jpg</iphoto:thumbnail>
      <iweb:micro>http://www.meeranair.org/Meera_Nair/FRC/Pages/2011_files/Media/392786_2562393309753_501758736_n/micro.jpg</iweb:micro>
      <iweb:mip-thumbnail>http://www.meeranair.org/Meera_Nair/FRC/Pages/2011_files/Media/392786_2562393309753_501758736_n/mip.jpg</iweb:mip-thumbnail>
      <iweb:richTitle>&lt;div style=&quot;padding: 0px; &quot; class=&quot;image_cluster_layout_style_default_External_221_119&quot;&gt;&lt;div class=&quot;image_cluster_layout_style_default&quot;&gt;&lt;p style=&quot;padding-bottom: 0pt; padding-top: 0pt; &quot; class=&quot;Caption&quot;&gt;With will.i.am at the Kickoff!&lt;/p&gt;&lt;/div&gt;&lt;/div&gt;</iweb:richTitle>
    </item>
    <item>
      <title>My team picture</title>
      <link>http://www.meeranair.org/Meera_Nair/FRC/Pages/2011.html#2</link>
      <guid isPermaLink="false">a242f48f-5877-4311-8bd3-6be12ad7e539</guid>
      <enclosure url="http://www.meeranair.org/Meera_Nair/FRC/Pages/2011_files/Media/DSC_4989-Meera/DSC_4989-Meera.jpg" length="50715" type="image/jpeg"/>
      <iphoto:thumbnail>http://www.meeranair.org/Meera_Nair/FRC/Pages/2011_files/Media/DSC_4989-Meera/thumb.jpg</iphoto:thumbnail>
      <iweb:micro>http://www.meeranair.org/Meera_Nair/FRC/Pages/2011_files/Media/DSC_4989-Meera/micro.jpg</iweb:micro>
      <iweb:mip-thumbnail>http://www.meeranair.org/Meera_Nair/FRC/Pages/2011_files/Media/DSC_4989-Meera/mip.jpg</iweb:mip-thumbnail>
      <iweb:richTitle>&lt;div style=&quot;padding: 0px; &quot; class=&quot;image_cluster_layout_style_default_External_221_119&quot;&gt;&lt;div class=&quot;image_cluster_layout_style_default&quot;&gt;&lt;p style=&quot;padding-bottom: 0pt; padding-top: 0pt; &quot; class=&quot;Caption&quot;&gt;My team picture&lt;/p&gt;&lt;/div&gt;&lt;/div&gt;</iweb:richTitle>
    </item>
    <item>
      <title>Writing a Pro/Con list of minibot characteristics.</title>
      <link>http://www.meeranair.org/Meera_Nair/FRC/Pages/2011.html#3</link>
      <guid isPermaLink="false">751b0714-847b-4409-ae9f-be4fb7cf1924</guid>
      <enclosure url="http://www.meeranair.org/Meera_Nair/FRC/Pages/2011_files/Media/DSC_5089/DSC_5089.jpg" length="39085" type="image/jpeg"/>
      <iphoto:thumbnail>http://www.meeranair.org/Meera_Nair/FRC/Pages/2011_files/Media/DSC_5089/thumb.jpg</iphoto:thumbnail>
      <iweb:micro>http://www.meeranair.org/Meera_Nair/FRC/Pages/2011_files/Media/DSC_5089/micro.jpg</iweb:micro>
      <iweb:mip-thumbnail>http://www.meeranair.org/Meera_Nair/FRC/Pages/2011_files/Media/DSC_5089/mip.jpg</iweb:mip-thumbnail>
      <iweb:richTitle>&lt;div style=&quot;padding: 0px; &quot; class=&quot;image_cluster_layout_style_default_External_221_119&quot;&gt;&lt;div class=&quot;image_cluster_layout_style_default&quot;&gt;&lt;p style=&quot;padding-bottom: 0pt; padding-top: 0pt; &quot; class=&quot;Caption&quot;&gt;Writing a Pro/Con list of minibot characteristics.&lt;/p&gt;&lt;/div&gt;&lt;/div&gt;</iweb:richTitle>
    </item>
    <item>
      <title>Painting bumpers on Ship Date</title>
      <link>http://www.meeranair.org/Meera_Nair/FRC/Pages/2011.html#4</link>
      <guid isPermaLink="false">ca64ae07-1013-4320-b3e4-73f8ae54f21b</guid>
      <enclosure url="http://www.meeranair.org/Meera_Nair/FRC/Pages/2011_files/Media/IMG_0222/IMG_0222.jpg" length="72968" type="image/jpeg"/>
      <iphoto:thumbnail>http://www.meeranair.org/Meera_Nair/FRC/Pages/2011_files/Media/IMG_0222/thumb.jpg</iphoto:thumbnail>
      <iweb:micro>http://www.meeranair.org/Meera_Nair/FRC/Pages/2011_files/Media/IMG_0222/micro.jpg</iweb:micro>
      <iweb:mip-thumbnail>http://www.meeranair.org/Meera_Nair/FRC/Pages/2011_files/Media/IMG_0222/mip.jpg</iweb:mip-thumbnail>
      <iweb:richTitle>&lt;div style=&quot;padding: 0px; &quot; class=&quot;image_cluster_layout_style_default_External_221_119&quot;&gt;&lt;div class=&quot;image_cluster_layout_style_default&quot;&gt;&lt;p style=&quot;padding-bottom: 0pt; padding-top: 0pt; &quot; class=&quot;Caption&quot;&gt;Painting bumpers on Ship Date&lt;/p&gt;&lt;/div&gt;&lt;/div&gt;</iweb:richTitle>
    </item>
    <item>
      <title>Fixing a battery at the Smokey Mountain Regional in Tennessee!</title>
      <link>http://www.meeranair.org/Meera_Nair/FRC/Pages/2011.html#5</link>
      <guid isPermaLink="false">5867953f-2cef-44e8-932c-0fcad6a0c67e</guid>
      <enclosure url="http://www.meeranair.org/Meera_Nair/FRC/Pages/2011_files/Media/IMGP9939/IMGP9939.jpg" length="70710" type="image/jpeg"/>
      <iphoto:thumbnail>http://www.meeranair.org/Meera_Nair/FRC/Pages/2011_files/Media/IMGP9939/thumb.jpg</iphoto:thumbnail>
      <iweb:micro>http://www.meeranair.org/Meera_Nair/FRC/Pages/2011_files/Media/IMGP9939/micro.jpg</iweb:micro>
      <iweb:mip-thumbnail>http://www.meeranair.org/Meera_Nair/FRC/Pages/2011_files/Media/IMGP9939/mip.jpg</iweb:mip-thumbnail>
      <iweb:richTitle>&lt;div style=&quot;padding: 0px; &quot; class=&quot;image_cluster_layout_style_default_External_221_119&quot;&gt;&lt;div class=&quot;image_cluster_layout_style_default&quot;&gt;&lt;p style=&quot;padding-bottom: 0pt; padding-top: 0pt; &quot; class=&quot;Caption&quot;&gt;Fixing a battery at the Smokey Mountain Regional in Tennessee!&lt;/p&gt;&lt;/div&gt;&lt;/div&gt;</iweb:richTitle>
    </item>
    <item>
      <title>The most important part of FIRST? Fun! We decorated our coach’s door with balloons for his birthday in Tennessee :)</title>
      <link>http://www.meeranair.org/Meera_Nair/FRC/Pages/2011.html#6</link>
      <guid isPermaLink="false">62af7610-abb9-4c59-8fb3-aed3cf98105d</guid>
      <enclosure url="http://www.meeranair.org/Meera_Nair/FRC/Pages/2011_files/Media/IMGP9932/IMGP9932.jpg" length="35534" type="image/jpeg"/>
      <iphoto:thumbnail>http://www.meeranair.org/Meera_Nair/FRC/Pages/2011_files/Media/IMGP9932/thumb.jpg</iphoto:thumbnail>
      <iweb:micro>http://www.meeranair.org/Meera_Nair/FRC/Pages/2011_files/Media/IMGP9932/micro.jpg</iweb:micro>
      <iweb:mip-thumbnail>http://www.meeranair.org/Meera_Nair/FRC/Pages/2011_files/Media/IMGP9932/mip.jpg</iweb:mip-thumbnail>
      <iweb:richTitle>&lt;div style=&quot;padding: 0px; &quot; class=&quot;image_cluster_layout_style_default_External_221_119&quot;&gt;&lt;div class=&quot;image_cluster_layout_style_default&quot;&gt;&lt;p style=&quot;padding-bottom: 0pt; padding-top: 0pt; &quot; class=&quot;Caption&quot;&gt;The most important part of FIRST? Fun! We decorated our coach’s door with balloons for his birthday in Tennessee :)&lt;/p&gt;&lt;/div&gt;&lt;/div&gt;</iweb:richTitle>
    </item>
    <item>
      <title>Singing the National Anthem with members of other teams attending the Smokey Mountain Regional</title>
      <link>http://www.meeranair.org/Meera_Nair/FRC/Pages/2011.html#7</link>
      <guid isPermaLink="false">2b74f237-3d10-42dc-9cce-8fef21cbb724</guid>
      <enclosure url="http://www.meeranair.org/Meera_Nair/FRC/Pages/2011_files/Media/IMGP9994/IMGP9994.jpg" length="72317" type="image/jpeg"/>
      <iphoto:thumbnail>http://www.meeranair.org/Meera_Nair/FRC/Pages/2011_files/Media/IMGP9994/thumb.jpg</iphoto:thumbnail>
      <iweb:micro>http://www.meeranair.org/Meera_Nair/FRC/Pages/2011_files/Media/IMGP9994/micro.jpg</iweb:micro>
      <iweb:mip-thumbnail>http://www.meeranair.org/Meera_Nair/FRC/Pages/2011_files/Media/IMGP9994/mip.jpg</iweb:mip-thumbnail>
      <iweb:richTitle>&lt;div style=&quot;padding: 0px; &quot; class=&quot;image_cluster_layout_style_default_External_221_119&quot;&gt;&lt;div class=&quot;image_cluster_layout_style_default&quot;&gt;&lt;p style=&quot;padding-bottom: 0pt; padding-top: 0pt; &quot; class=&quot;Caption&quot;&gt;Singing the National Anthem with members of other teams attending the Smokey Mountain Regional&lt;/p&gt;&lt;/div&gt;&lt;/div&gt;</iweb:richTitle>
    </item>
    <item>
      <title>Getting our mascot ready at Championships in St. Louis, MO</title>
      <link>http://www.meeranair.org/Meera_Nair/FRC/Pages/2011.html#8</link>
      <guid isPermaLink="false">b8dba325-9616-402b-a211-a0ed0c6c4df3</guid>
      <enclosure url="http://www.meeranair.org/Meera_Nair/FRC/Pages/2011_files/Media/IMG_0553/IMG_0553.jpg" length="82092" type="image/jpeg"/>
      <iphoto:thumbnail>http://www.meeranair.org/Meera_Nair/FRC/Pages/2011_files/Media/IMG_0553/thumb.jpg</iphoto:thumbnail>
      <iweb:micro>http://www.meeranair.org/Meera_Nair/FRC/Pages/2011_files/Media/IMG_0553/micro.jpg</iweb:micro>
      <iweb:mip-thumbnail>http://www.meeranair.org/Meera_Nair/FRC/Pages/2011_files/Media/IMG_0553/mip.jpg</iweb:mip-thumbnail>
      <iweb:richTitle>&lt;div style=&quot;padding: 0px; &quot; class=&quot;image_cluster_layout_style_default_External_221_119&quot;&gt;&lt;div class=&quot;image_cluster_layout_style_default&quot;&gt;&lt;p style=&quot;padding-bottom: 0pt; padding-top: 0pt; &quot; class=&quot;Caption&quot;&gt;Getting our mascot ready at Championships in St. Louis, MO&lt;/p&gt;&lt;/div&gt;&lt;/div&gt;</iweb:richTitle>
    </item>
    <item>
      <title>Posing in between matches at Championships
</title>
      <link>http://www.meeranair.org/Meera_Nair/FRC/Pages/2011.html#9</link>
      <guid isPermaLink="false">d8d0fc03-9662-4f55-b742-d1a7998a58b3</guid>
      <enclosure url="http://www.meeranair.org/Meera_Nair/FRC/Pages/2011_files/Media/DSC_5289/DSC_5289.jpg" length="50406" type="image/jpeg"/>
      <iphoto:thumbnail>http://www.meeranair.org/Meera_Nair/FRC/Pages/2011_files/Media/DSC_5289/thumb.jpg</iphoto:thumbnail>
      <iweb:micro>http://www.meeranair.org/Meera_Nair/FRC/Pages/2011_files/Media/DSC_5289/micro.jpg</iweb:micro>
      <iweb:mip-thumbnail>http://www.meeranair.org/Meera_Nair/FRC/Pages/2011_files/Media/DSC_5289/mip.jpg</iweb:mip-thumbnail>
      <iweb:richTitle>&lt;div style=&quot;padding: 0px; &quot; class=&quot;image_cluster_layout_style_default_External_221_119&quot;&gt;&lt;div class=&quot;image_cluster_layout_style_default&quot;&gt;&lt;p style=&quot;padding-top: 0pt; &quot; class=&quot;Caption&quot;&gt;Posing in between matches at Championships&lt;br/&gt;&lt;/p&gt;&lt;/div&gt;&lt;/div&gt;</iweb:richTitle>
    </item>
    <item>
      <title>Alliance Selection at River Rage, an off-season competition in Manchester, NH</title>
      <link>http://www.meeranair.org/Meera_Nair/FRC/Pages/2011.html#10</link>
      <guid isPermaLink="false">5b781ed8-b2f0-4296-9f89-d8f937922be7</guid>
      <enclosure url="http://www.meeranair.org/Meera_Nair/FRC/Pages/2011_files/Media/73919_1717067170282_6669800_n/73919_1717067170282_6669800_n.jpg" length="69002" type="image/jpeg"/>
      <iphoto:thumbnail>http://www.meeranair.org/Meera_Nair/FRC/Pages/2011_files/Media/73919_1717067170282_6669800_n/thumb.jpg</iphoto:thumbnail>
      <iweb:micro>http://www.meeranair.org/Meera_Nair/FRC/Pages/2011_files/Media/73919_1717067170282_6669800_n/micro.jpg</iweb:micro>
      <iweb:mip-thumbnail>http://www.meeranair.org/Meera_Nair/FRC/Pages/2011_files/Media/73919_1717067170282_6669800_n/mip.jpg</iweb:mip-thumbnail>
      <iweb:richTitle>&lt;div style=&quot;padding: 0px; &quot; class=&quot;image_cluster_layout_style_default_External_221_119&quot;&gt;&lt;div class=&quot;image_cluster_layout_style_default&quot;&gt;&lt;p style=&quot;padding-bottom: 0pt; padding-top: 0pt; &quot; class=&quot;Caption&quot;&gt;Alliance Selection at River Rage, an off-season competition in Manchester, NH&lt;/p&gt;&lt;/div&gt;&lt;/div&gt;</iweb:richTitle>
    </item>
    <item>
      <title>Through FRC, I had the opportunity of mentoring FIRST Lego League. Here is our team meeting the experts on UV ray sterilizers, as research for food-safe UV sterilizers to kill e.Coli.</title>
      <link>http://www.meeranair.org/Meera_Nair/FRC/Pages/2011.html#11</link>
      <guid isPermaLink="false">3042bc02-0419-475b-87aa-a5ceb8471fa1</guid>
      <enclosure url="http://www.meeranair.org/Meera_Nair/FRC/Pages/2011_files/Media/DSC_6223-MOMA-Mr-Neister-Sterilray/DSC_6223-MOMA-Mr-Neister-Sterilray.jpg" length="62707" type="image/jpeg"/>
      <iphoto:thumbnail>http://www.meeranair.org/Meera_Nair/FRC/Pages/2011_files/Media/DSC_6223-MOMA-Mr-Neister-Sterilray/thumb.jpg</iphoto:thumbnail>
      <iweb:micro>http://www.meeranair.org/Meera_Nair/FRC/Pages/2011_files/Media/DSC_6223-MOMA-Mr-Neister-Sterilray/micro.jpg</iweb:micro>
      <iweb:mip-thumbnail>http://www.meeranair.org/Meera_Nair/FRC/Pages/2011_files/Media/DSC_6223-MOMA-Mr-Neister-Sterilray/mip.jpg</iweb:mip-thumbnail>
      <iweb:richTitle>&lt;div style=&quot;padding: 0px; &quot; class=&quot;image_cluster_layout_style_default_External_221_119&quot;&gt;&lt;div class=&quot;image_cluster_layout_style_default&quot;&gt;&lt;p style=&quot;padding-bottom: 0pt; padding-top: 0pt; &quot; class=&quot;Caption&quot;&gt;Through FRC, I had the opportunity of mentoring FIRST Lego League. Here is our team meeting the experts on UV ray sterilizers, as research for food-safe UV sterilizers to kill e.Coli.&lt;/p&gt;&lt;/div&gt;&lt;/div&gt;</iweb:richTitle>
    </item>
  </channel>
</rss>
